候補者ID,ファイル名
3984,3984_10111616.jpg
6537,6537_10111616.jpg
53179,53179_10111616.jpg
1481,1481_10141512.jpg
52246,52246_10141512.jpg
31432,31432_10111616.jpg
1530,1530_10111616.jpg
55781,55781_10111616.jpg
29657,29657_10111616.jpg
48213,48213_10111616.jpg
849,849_10111616.jpg
2442,2442_10112040.jpg
8,8_10111616.jpg
6876,6876_10111616.jpg
7310,7310_10111616.jpg
7608,7608_10141512.jpg
36028,36028_10111616.jpg
53176,53176_10111616.jpg
1936,1936_10112040.jpg
35997,35997_10111616.jpg
32260,32260_10111616.jpg
781,781_10111616.jpg
5731,5731_10111616.jpg
758,758_10111616.jpg
745,745_10111616.jpg
55779,55779_10141512.jpg
752,752_10111616.jpg
49437,49437_10111616.jpg
35836,35836_10111616.jpg
5838,5838_10111616.jpg
8321,8321_10111616.jpg
55844,55844_10111616.jpg
30656,30656_10111616.jpg
35902,35902_10111616.jpg
52566,52566_10111616.jpg
8746,8746_10111616.jpg
8847,8847_10111616.jpg
1597,1597_10111616.jpg
4387,4387_10111616.jpg
682,682_10111616.jpg
8566,8566_10111616.jpg
35608,35608_10111616.jpg
9793,9793_10111616.jpg
47508,47508_10111616.jpg
37276,37276_10111616.jpg
48647,48647_10111616.jpg
41464,41464_10111616.jpg
41195,41195_10111616.jpg
1422,1422_10141512.jpg
1674,1674_10111616.jpg
2208,2208_10111616.jpg
36527,36527_10111616.jpg
1661,1661_10151202.jpg
40937,40937_10111616.jpg
2335,2335_10111616.jpg
3590,3590_10111616.jpg
10667,10667_10111616.jpg
2674,2674_10111616.jpg
36036,36036_10111616.jpg
51360,51360_10111616.jpg
3618,3618_10111616.jpg
43045,43045_10111616.jpg
52519,52519_10141512.jpg
1520,1520_10111616.jpg
1480,1480_10111616.jpg
55740,55740_10111616.jpg
4415,4415_10111616.jpg
9,9_10111616.jpg
47211,47211_10111616.jpg
51949,51949_10111616.jpg
3981,3981_10111616.jpg
911,911_10111616.jpg
19775,19775_10111616.jpg
47199,47199_10111616.jpg
889,889_10111616.jpg
7817,7817_10111616.jpg
5008,5008_10111616.jpg
47269,47269_10111616.jpg
3914,3914_10111616.jpg
3322,3322_10111616.jpg
18668,18668_10111616.jpg
55042,55042_10111616.jpg
22717,22717_10111616.jpg
55514,55514_10111616.jpg
55879,55879_10141512.jpg
48836,48836_10111616.jpg
37286,37286_10111616.jpg
22491,22491_10111616.jpg
55144,55144_10111616.jpg
55682,55682_10111616.jpg
55215,55215_10111616.jpg
3512,3512_10111616.jpg
54470,54470_10111616.jpg
55517,55517_10111616.jpg
3317,3317_10111616.jpg
1919,1919_10111616.jpg
1659,1659_10112040.jpg
54109,54109_10111616.jpg
55534,55534_10111616.jpg
49769,49769_10111616.jpg
37138,37138_10111616.jpg
49302,49302_10111616.jpg
5664,5664_10111616.jpg
16501,16501_10111616.jpg
38154,38154_10111616.jpg
40935,40935_10111616.jpg
51725,51725_10111616.jpg
48756,48756_10111616.jpg
3702,3702_10111616.jpg
464,464_10111616.jpg
54232,54232_10111616.jpg
5812,5812_10111616.jpg
29367,29367_10111616.jpg
28881,28881_10111616.jpg
1387,1387_10111616.jpg
9673,9673_10111616.jpg
55188,55188_10111616.jpg
28982,28982_10111616.jpg
6580,6580_10141512.jpg
2790,2790_10141512.jpg
7117,7117_10111616.jpg
7057,7057_10111616.jpg
55811,55811_10111616.jpg
17338,17338_10111616.jpg
55306,55306_10111616.jpg
51955,51955_10111616.jpg
55695,55695_10111616.jpg
30249,30249_10111616.jpg
8912,8912_10111616.jpg
55697,55697_10111616.jpg
3540,3540_10111616.jpg
1797,1797_10111616.jpg
1801,1801_10111616.jpg
51956,51956_10111616.jpg
50681,50681_10111616.jpg
5029,5029_10111616.jpg
40893,40893_10111616.jpg
37577,37577_10111616.jpg
861,861_10111616.jpg
1928,1928_10111616.jpg
1005,1005_10111616.jpg
494,494_10111616.jpg
9384,9384_10111616.jpg
53111,53111_10111616.jpg
2207,2207_10111616.jpg
53047,53047_10151202.jpg
41537,41537_10111616.jpg
55556,55556_10111616.jpg
52979,52979_10111616.jpg
32651,32651_10111616.jpg
54056,54056_10111616.jpg
59,59_10111616.jpg
55594,55594_10111616.jpg
55368,55368_10111616.jpg
55541,55541_10111616.jpg
55367,55367_10111616.jpg
3608,3608_10111616.jpg
31560,31560_10111616.jpg
39753,39753_10141512.jpg
39722,39722_10111616.jpg
51901,51901_10111616.jpg
55439,55439_10111616.jpg
51325,51325_10141512.jpg
3502,3502_10111616.jpg
37192,37192_10111616.jpg
3859,3859_10111616.jpg
780,780_10111616.jpg
55855,55855_10111616.jpg
50085,50085_10111616.jpg
52092,52092_10111616.jpg
29514,29514_10111616.jpg
52688,52688_10141512.jpg
55238,55238_10111616.jpg
55050,55050_10111616.jpg
53682,53682_10111616.jpg
55871,55871_10141512.jpg
6603,6603_10111616.jpg
805,805_10111616.jpg
52514,52514_10111616.jpg
52568,52568_10111616.jpg
40939,40939_10111616.jpg
6614,6614_10111616.jpg
37085,37085_10111616.jpg
2618,2618_10111616.jpg
5043,5043_10111616.jpg
40940,40940_10111616.jpg
48635,48635_10111616.jpg
36688,36688_10111616.jpg
4997,4997_10111616.jpg
52580,52580_10111616.jpg
55532,55532_10111616.jpg
3301,3301_10111616.jpg
1498,1498_10111616.jpg
1301,1301_10111616.jpg
3183,3183_10111616.jpg
36608,36608_10111616.jpg
55552,55552_10111616.jpg
4,4_10111616.jpg
1517,1517_10111616.jpg
6782,6782_10111616.jpg
40915,40915_10111616.jpg
811,811_10111616.jpg
812,812_10111616.jpg
36070,36070_10111616.jpg
40833,40833_10111616.jpg
3286,3286_10231726.jpg
829,829_10111616.jpg
4178,4178_10221039.jpg
46892,46892_10111616.jpg
834,834_10111616.jpg
837,837_10111616.jpg
838,838_10111616.jpg
840,840_10111616.jpg
47186,47186_10111616.jpg
2434,2434_10111616.jpg
49481,49481_10111616.jpg
852,852_10111616.jpg
1159,1159_10111616.jpg
36528,36528_10111616.jpg
5817,5817_10111616.jpg
1182,1182_10111616.jpg
48626,48626_10111616.jpg
29091,29091_10111616.jpg
7073,7073_10111616.jpg
36639,36639_10111616.jpg
1196,1196_10111616.jpg
36030,36030_10141512.jpg
1202,1202_10111616.jpg
32172,32172_10111616.jpg
42501,42501_10111616.jpg
1210,1210_10111616.jpg
1213,1213_10111616.jpg
1168,1168_10111616.jpg
1170,1170_10111616.jpg
29526,29526_10111616.jpg
36537,36537_10111616.jpg
860,860_10111616.jpg
7305,7305_10111616.jpg
54205,54205_10111616.jpg
7331,7331_10111616.jpg
880,880_10111616.jpg
873,873_10111616.jpg
11,11_10111616.jpg
32386,32386_10111616.jpg
890,890_10141512.jpg
55178,55178_10111616.jpg
7441,7441_10111616.jpg
41210,41210_10111616.jpg
3452,3452_10111616.jpg
51569,51569_10111616.jpg
3706,3706_10111616.jpg
17407,17407_10111616.jpg
913,913_10111616.jpg
13,13_10111616.jpg
52354,52354_10111616.jpg
891,891_10111616.jpg
1175,1175_10111616.jpg
36518,36518_10111616.jpg
995,995_10111616.jpg
998,998_10111616.jpg
1010,1010_10111616.jpg
35998,35998_10111616.jpg
47214,47214_10111616.jpg
29256,29256_10111616.jpg
51352,51352_10111616.jpg
40981,40981_10111616.jpg
1808,1808_10111616.jpg
4106,4106_10111616.jpg
52676,52676_10111616.jpg
1006,1006_10111616.jpg
55349,55349_10111616.jpg
31108,31108_10111616.jpg
1039,1039_10111616.jpg
55041,55041_10111616.jpg
1837,1837_10111616.jpg
750,750_10111616.jpg
3281,3281_10111616.jpg
757,757_10111616.jpg
37070,37070_10111616.jpg
27,27_10111616.jpg
1810,1810_10111616.jpg
994,994_10111616.jpg
1015,1015_10111616.jpg
30679,30679_10111616.jpg
37003,37003_10111616.jpg
52345,52345_10111616.jpg
29085,29085_10111616.jpg
1814,1814_10111616.jpg
5064,5064_10111616.jpg
29155,29155_10111616.jpg
1829,1829_10111616.jpg
36430,36430_10111616.jpg
29159,29159_10111616.jpg
1570,1570_10111616.jpg
1574,1574_10111616.jpg
1533,1533_10111616.jpg
4014,4014_10111616.jpg
1583,1583_10111616.jpg
47427,47427_10111616.jpg
748,748_10111616.jpg
772,772_10111616.jpg
2276,2276_10111616.jpg
3991,3991_10141512.jpg
55388,55388_10111616.jpg
29003,29003_10111616.jpg
55088,55088_10111616.jpg
785,785_10111616.jpg
988,988_10111616.jpg
2617,2617_10111616.jpg
990,990_10111616.jpg
7961,7961_10111616.jpg
1372,1372_10111616.jpg
1375,1375_10111616.jpg
52527,52527_10111616.jpg
1359,1359_10111616.jpg
1361,1361_10111616.jpg
36185,36185_10111616.jpg
36873,36873_10111616.jpg
30784,30784_10111616.jpg
8253,8253_10111616.jpg
4525,4525_10112040.jpg
52625,52625_10111616.jpg
36599,36599_10111616.jpg
3483,3483_10111616.jpg
1733,1733_10111616.jpg
55680,55680_10111616.jpg
1549,1549_10111616.jpg
1550,1550_10111616.jpg
1553,1553_10111616.jpg
4105,4105_10111616.jpg
475,475_10111616.jpg
479,479_10111616.jpg
35903,35903_10111616.jpg
3432,3432_10111616.jpg
4062,4062_10111616.jpg
491,491_10111616.jpg
461,461_10111616.jpg
611,611_10111616.jpg
8572,8572_10111616.jpg
1766,1766_10111616.jpg
1776,1776_10111616.jpg
1778,1778_10111616.jpg
1584,1584_10111616.jpg
8673,8673_10111616.jpg
1590,1590_10111616.jpg
55261,55261_10111616.jpg
1598,1598_10111616.jpg
1604,1604_10111616.jpg
51376,51376_10111616.jpg
52997,52997_10111616.jpg
28811,28811_10111616.jpg
3537,3537_10111616.jpg
35837,35837_10111616.jpg
22277,22277_10111616.jpg
55036,55036_10111616.jpg
2120,2120_10111616.jpg
30244,30244_10111616.jpg
2116,2116_10111616.jpg
3714,3714_10111616.jpg
49553,49553_10111616.jpg
2119,2119_10111616.jpg
5668,5668_10111616.jpg
52521,52521_10111616.jpg
1622,1622_10111616.jpg
1624,1624_10111616.jpg
1628,1628_10111616.jpg
41650,41650_10111616.jpg
971,971_10111616.jpg
9274,9274_10111616.jpg
30143,30143_10111616.jpg
9419,9419_10111616.jpg
9253,9253_10111616.jpg
3256,3256_10111616.jpg
9479,9479_10111616.jpg
9494,9494_10111616.jpg
30092,30092_10111616.jpg
55847,55847_10111616.jpg
30890,30890_10111616.jpg
3026,3026_10111616.jpg
47885,47885_10111616.jpg
29509,29509_10111616.jpg
37048,37048_10111616.jpg
9509,9509_10111616.jpg
29772,29772_10111616.jpg
9215,9215_10111616.jpg
35895,35895_10111616.jpg
37038,37038_10111616.jpg
5791,5791_10111616.jpg
552,552_10111616.jpg
507,507_10111616.jpg
35828,35828_10111616.jpg
1383,1383_10112040.jpg
30472,30472_10111616.jpg
35829,35829_10111616.jpg
35926,35926_10111616.jpg
614,614_10112040.jpg
2159,2159_10111616.jpg
2161,2161_10111616.jpg
2134,2134_10111616.jpg
2136,2136_10111616.jpg
2168,2168_10111616.jpg
36991,36991_10111616.jpg
55689,55689_10111616.jpg
2279,2279_10111616.jpg
689,689_10111616.jpg
691,691_10111616.jpg
3326,3326_10111616.jpg
40297,40297_10111616.jpg
1654,1654_10111616.jpg
32165,32165_10111616.jpg
1952,1952_10111616.jpg
1379,1379_10111616.jpg
1406,1406_10111616.jpg
1410,1410_10111616.jpg
883,883_10111616.jpg
1420,1420_10111616.jpg
1901,1901_10111616.jpg
36412,36412_10111616.jpg
48710,48710_10111616.jpg
53763,53763_10111616.jpg
2567,2567_10111616.jpg
2201,2201_10111616.jpg
2202,2202_10111616.jpg
2209,2209_10111616.jpg
2212,2212_10111616.jpg
36015,36015_10111616.jpg
52532,52532_10111616.jpg
3488,3488_10111616.jpg
51892,51892_10111616.jpg
34,34_10111616.jpg
3459,3459_10111616.jpg
2332,2332_10111616.jpg
2844,2844_10111616.jpg
36393,36393_10111616.jpg
35942,35942_10111616.jpg
28983,28983_10111616.jpg
38550,38550_10111616.jpg
37132,37132_10111616.jpg
2226,2226_10111616.jpg
3560,3560_10111616.jpg
575,575_10111616.jpg
47627,47627_10111616.jpg
1689,1689_10111616.jpg
1694,1694_10111616.jpg
47106,47106_10111616.jpg
52630,52630_10111616.jpg
55198,55198_10111616.jpg
1075,1075_10112040.jpg
47654,47654_10111616.jpg
1084,1084_10111616.jpg
42,42_10111616.jpg
1089,1089_10111616.jpg
55321,55321_10111616.jpg
1098,1098_10111616.jpg
5670,5670_10111616.jpg
1109,1109_10111616.jpg
1073,1073_10111616.jpg
577,577_10111616.jpg
47147,47147_10111616.jpg
582,582_10111616.jpg
1891,1891_10111616.jpg
1896,1896_10111616.jpg
47880,47880_10111616.jpg
2924,2924_10111616.jpg
1447,1447_10111616.jpg
